City_ID,City,Country,Date,Lat,Lng,Max Temp,Humidity,Cloudiness,Wind Speed
0,Tautira,PF,2021-03-14 22:37:07,-17.7333,-149.15,87.8,66,20,9.22
1,Kruisfontein,ZA,2021-03-14 22:37:08,-34.0033,24.7314,68.0,97,100,1.99
2,Floro,NO,2021-03-14 22:37:09,61.5996,5.0328,39.2,56,0,3.44
3,Mabai,CN,2021-03-14 22:37:09,23.0128,104.4508,57.49,96,85,4.83
4,Ovalle,CL,2021-03-14 22:37:10,-30.5983,-71.2003,68.22,56,0,5.21
5,Puerto Ayora,EC,2021-03-14 22:37:10,-0.7393,-90.3518,82.4,74,40,9.22
6,Vilyuysk,RU,2021-03-14 22:37:11,63.7553,121.6247,-7.78,94,58,8.41
7,Mataura,NZ,2021-03-14 22:35:56,-46.1927,168.8643,57.07,77,100,6.04
8,Kapaa,US,2021-03-14 22:37:12,22.0752,-159.319,73.4,78,75,23.02
9,Barrow,US,2021-03-14 22:36:00,71.2906,-156.7887,-5.8,77,1,14.97
10,Bredasdorp,ZA,2021-03-14 22:37:12,-34.5322,20.0403,66.2,94,99,8.05
11,Arraial Do Cabo,BR,2021-03-14 22:37:13,-22.9661,-42.0278,80.6,73,0,12.66
12,Yellowknife,CA,2021-03-14 22:33:53,62.456,-114.3525,12.99,73,90,5.75
13,Albany,US,2021-03-14 22:34:57,42.6001,-73.9662,30.99,25,65,5.01
14,Myrtle Beach,US,2021-03-14 22:35:55,33.6891,-78.8867,64.99,72,90,5.75
15,Manono,CD,2021-03-14 22:37:14,-7.3,27.4167,68.74,86,23,2.28
16,Bulgan,MN,2021-03-14 22:37:14,48.8125,103.5347,11.16,39,0,1.72
17,Peterhead,GB,2021-03-14 22:34:57,57.5058,-1.7981,42.01,70,0,18.41
18,Kodiak,US,2021-03-14 22:37:15,57.79,-152.4072,35.6,69,90,27.63
19,Tual,ID,2021-03-14 22:37:15,-5.6667,132.75,83.53,70,92,5.23
20,Coquimbo,CL,2021-03-14 22:36:47,-29.9533,-71.3436,64.4,68,0,10.36
21,Nalut,LY,2021-03-14 22:37:16,30.3333,10.85,58.6,49,10,12.8
22,Cape Town,ZA,2021-03-14 22:33:36,-33.9258,18.4232,70.0,77,20,11.5
23,Imbituba,BR,2021-03-14 22:37:17,-28.24,-48.6703,73.4,88,75,5.75
24,Bluff,NZ,2021-03-14 22:37:17,-46.6,168.3333,58.66,83,100,11.52
25,Kushima,JP,2021-03-14 22:37:18,31.4583,131.2333,46.4,87,40,8.05
26,Marietta,US,2021-03-14 22:33:44,33.9526,-84.5499,80.01,34,75,3.15
27,Jeremie,HT,2021-03-14 22:37:18,18.65,-74.1167,76.26,79,39,4.32
28,Busselton,AU,2021-03-14 22:33:18,-33.65,115.3333,57.99,73,27,4.0
29,Upernavik,GL,2021-03-14 22:37:19,72.7868,-56.1549,-3.73,99,100,6.26
30,Mahebourg,MU,2021-03-14 22:37:06,-20.4081,57.7,77.0,94,75,10.54
31,Sao Filipe,CV,2021-03-14 22:37:20,14.8961,-24.4956,71.13,71,0,4.54
32,Boyolangu,ID,2021-03-14 22:37:21,-8.1181,111.8935,74.3,90,89,1.74
33,Bukama,CD,2021-03-14 22:37:21,-9.2,25.85,67.87,89,63,3.09
34,Port Hedland,AU,2021-03-14 22:37:21,-20.3167,118.5667,78.8,65,97,11.5
35,Shimoda,JP,2021-03-14 22:36:13,34.6667,138.95,51.01,57,22,1.01
36,Altamira,BR,2021-03-14 22:37:22,-3.2033,-52.2064,82.4,83,40,2.3
37,Muros,ES,2021-03-14 22:37:24,42.7762,-9.0603,48.0,89,8,1.01
38,Ushuaia,AR,2021-03-14 22:35:37,-54.8,-68.3,53.6,50,75,12.66
39,New Norfolk,AU,2021-03-14 22:36:02,-42.7826,147.0587,66.0,58,92,3.0
40,Sisimiut,GL,2021-03-14 22:37:25,66.9395,-53.6735,8.2,82,97,9.64
41,Hami,CN,2021-03-14 22:37:25,42.8,93.45,46.85,44,100,11.92
42,Souillac,MU,2021-03-14 22:37:26,-20.5167,57.5167,77.0,94,75,9.6
43,Hobart,AU,2021-03-14 22:36:53,-42.8794,147.3294,68.0,45,40,14.97
44,Ust-Nera,RU,2021-03-14 22:37:26,64.5667,143.2,-8.99,97,93,3.8
45,Bandarbeyla,SO,2021-03-14 22:37:27,9.4942,50.8122,77.27,79,89,11.56
46,Pinawa,CA,2021-03-14 22:37:27,50.1489,-95.8811,34.5,48,11,5.79
47,Talnakh,RU,2021-03-14 22:37:28,69.4865,88.3972,-26.5,99,96,2.35
48,Qaanaaq,GL,2021-03-14 22:37:28,77.484,-69.3632,-5.1,63,100,5.01
49,Ceglie Messapica,IT,2021-03-14 22:37:29,40.6439,17.5155,57.0,59,77,15.75
50,Makurdi,NG,2021-03-14 22:37:30,7.7411,8.5121,78.69,58,40,5.53
51,Atuona,PF,2021-03-14 22:37:04,-9.8,-139.0333,80.19,68,41,11.52
52,Khatanga,RU,2021-03-14 22:36:00,71.9667,102.5,-19.95,95,100,10.76
53,Punta Arenas,CL,2021-03-14 22:33:04,-53.15,-70.9167,48.2,76,0,12.66
54,Nemuro,JP,2021-03-14 22:37:31,43.3236,145.575,33.6,88,100,26.06
55,Butaritari,KI,2021-03-14 22:37:05,3.0707,172.7902,81.16,80,18,15.32
56,Saint-Philippe,RE,2021-03-14 22:37:31,-21.3585,55.7679,78.8,73,20,16.11
57,Martil,MA,2021-03-14 22:37:32,35.6166,-5.2752,55.4,94,20,3.44
58,Severo-Kurilsk,RU,2021-03-14 22:37:32,50.6789,156.125,33.57,77,0,4.36
59,Chuy,UY,2021-03-14 22:37:00,-33.6971,-53.4616,64.53,78,0,6.42
60,Itaperuna,BR,2021-03-14 22:37:33,-21.205,-41.8878,73.83,81,86,2.21
61,Vaini,TO,2021-03-14 22:37:34,-21.2,-175.2,84.2,70,75,5.75
62,Boo,SE,2021-03-14 22:37:34,59.3333,18.2833,36.0,69,90,2.3
63,Petropavlovsk-Kamchatskiy,RU,2021-03-14 22:37:35,53.0452,158.6483,23.0,68,0,4.47
64,Bardiyah,LY,2021-03-14 22:37:35,31.7561,25.0865,55.29,79,36,3.87
65,Rikitea,PF,2021-03-14 22:36:21,-23.1203,-134.9692,80.87,76,18,13.15
66,Kavieng,PG,2021-03-14 22:36:18,-2.5744,150.7967,83.17,67,89,3.2
67,Port Elizabeth,ZA,2021-03-14 22:37:36,-33.918,25.5701,69.8,94,90,8.05
68,Poum,NC,2021-03-14 22:37:36,-20.2333,164.0167,79.43,73,84,5.91
69,Airai,TL,2021-03-14 22:37:37,-8.9266,125.4092,63.14,84,100,1.34
70,Cuamba,MZ,2021-03-14 22:37:37,-14.8031,36.5372,68.29,98,100,1.66
71,Camacha,PT,2021-03-14 22:37:38,33.0833,-16.3333,60.8,72,40,11.5
72,Touros,BR,2021-03-14 22:37:39,-5.1989,-35.4608,80.6,74,20,9.22
73,Antrim,GB,2021-03-14 22:37:39,54.6667,-6.25,46.4,81,40,11.5
74,Chokurdakh,RU,2021-03-14 22:37:40,70.6333,147.9167,-18.9,91,0,5.17
75,Tikhvin,RU,2021-03-14 22:37:40,59.6451,33.5294,33.01,93,99,6.55
76,Saldanha,ZA,2021-03-14 22:37:41,-33.0117,17.9442,62.6,88,50,9.22
77,Broome,US,2021-03-14 22:37:42,42.2506,-75.833,30.99,54,90,17.27
78,Kununurra,AU,2021-03-14 22:37:42,-15.7667,128.7333,75.2,100,75,12.66
79,Nome,US,2021-03-14 22:37:43,64.5011,-165.4064,21.2,86,90,13.8
80,Salinas,US,2021-03-14 22:37:44,36.6777,-121.6555,60.8,55,90,5.75
81,Bayir,TR,2021-03-14 22:37:44,37.2687,28.2167,55.4,94,75,1.14
82,Wajir,KE,2021-03-14 22:37:45,1.7471,40.0573,76.19,69,19,16.31
83,Port Macquarie,AU,2021-03-14 22:37:45,-31.4333,152.9167,66.99,80,98,1.01
84,Longyearbyen,SJ,2021-03-14 22:37:09,78.2186,15.6401,-2.2,65,20,10.36
85,Kamaishi,JP,2021-03-14 22:37:46,39.2667,141.8833,43.65,76,61,10.45
86,Biysk,RU,2021-03-14 22:35:18,52.5364,85.2072,4.42,92,100,6.44
87,Ornskoldsvik,SE,2021-03-14 22:37:47,63.2909,18.7153,32.0,100,90,1.14
88,Tera,NE,2021-03-14 22:37:47,14.0078,0.7531,82.47,18,0,9.44
89,Obihiro,JP,2021-03-14 22:37:48,42.9172,143.2044,36.73,97,78,3.27
90,Egvekinot,RU,2021-03-14 22:37:48,66.3167,-179.1667,9.61,94,97,4.03
91,Fallon,US,2021-03-14 22:37:49,39.4735,-118.7774,60.8,12,90,5.75
92,Ayr,GB,2021-03-14 22:37:49,55.4627,-4.6339,43.0,82,96,1.99
93,Ribeira Grande,PT,2021-03-14 22:36:59,38.5167,-28.7,60.8,94,40,6.91
94,Moron,AR,2021-03-14 22:37:50,-34.6534,-58.6198,82.99,40,0,3.0
95,Bosaso,SO,2021-03-14 22:37:50,11.2842,49.1816,75.18,73,66,3.8
96,Gravdal,NO,2021-03-14 22:37:51,68.1214,13.5031,35.6,87,20,9.22
97,Novyye Lyady,RU,2021-03-14 22:37:52,58.0536,56.6039,19.4,68,75,15.66
98,Berbera,SO,2021-03-14 22:37:52,10.4396,45.0143,77.31,83,1,2.24
99,Bereda,ES,2021-03-14 22:37:53,43.2686,-7.5406,44.01,99,16,2.71
100,Derzhavinsk,KZ,2021-03-14 22:37:54,51.1,66.3167,-5.13,87,0,3.49
101,Hermanus,ZA,2021-03-14 22:37:54,-34.4187,19.2345,64.99,93,97,8.75
102,Rawson,AR,2021-03-14 22:36:28,-43.3002,-65.1023,64.6,63,77,19.17
103,Bilibino,RU,2021-03-14 22:37:55,68.0546,166.4372,-12.91,93,100,5.79
104,Elixir,HN,2021-03-14 22:37:55,15.4833,-86.3,84.2,70,20,5.75
105,Mar Del Plata,AR,2021-03-14 22:37:22,-38.0023,-57.5575,70.0,88,0,11.5
106,Victoria,HK,2021-03-14 22:37:56,22.2855,114.1577,69.01,85,93,12.37
107,Tuatapere,NZ,2021-03-14 22:37:56,-46.1333,167.6833,59.2,94,100,10.4
108,Zelenogradsk,RU,2021-03-14 22:37:57,54.9589,20.4767,37.4,93,0,11.18
109,Malegaon,IN,2021-03-14 22:37:57,20.55,74.5333,75.79,21,0,5.19
110,Vardo,NO,2021-03-14 22:37:58,70.3705,31.1107,24.8,93,75,8.05
111,Norman Wells,CA,2021-03-14 22:36:20,65.282,-126.8329,-4.0,77,90,12.66
112,Tasiilaq,GL,2021-03-14 22:37:28,65.6145,-37.6368,24.8,68,90,23.02
113,Sovetskiy,RU,2021-03-14 22:37:59,61.3614,63.5842,9.72,90,38,7.4
114,Olafsvik,IS,2021-03-14 22:37:11,64.8945,-23.7142,35.51,68,81,12.55
115,Thompson,CA,2021-03-14 22:38:00,55.7435,-97.8558,24.8,36,75,9.22
116,Pacific Grove,US,2021-03-14 22:33:42,36.6177,-121.9166,60.8,51,90,10.36
117,Tuktoyaktuk,CA,2021-03-14 22:36:51,69.4541,-133.0374,-16.6,76,20,12.66
118,Mouila,GA,2021-03-14 22:38:00,-1.8685,11.0559,74.43,98,100,2.86
119,Khani,GE,2021-03-14 22:38:01,41.9563,42.9566,50.0,43,0,21.85
120,Jamestown,US,2021-03-14 22:34:41,42.097,-79.2353,30.2,47,1,15.52
121,Saint-Paul-Les-Dax,FR,2021-03-14 22:38:01,43.7272,-1.0516,46.4,87,56,3.44
122,Salisbury,GB,2021-03-14 22:38:02,51.0693,-1.7957,48.99,87,75,16.11
123,West Bay,KY,2021-03-14 22:38:02,19.3667,-81.4167,81.0,74,20,10.36
124,Loviisa,FI,2021-03-14 22:38:03,60.4566,26.2251,30.99,96,100,4.5
125,Maningrida,AU,2021-03-14 22:38:03,-12.0667,134.2667,80.67,83,33,2.89
126,Yar-Sale,RU,2021-03-14 22:33:14,66.8333,70.8333,4.5,90,86,4.63
127,Georgetown,MY,2021-03-14 22:38:04,5.4112,100.3354,78.8,83,20,5.75
128,Keti Bandar,PK,2021-03-14 22:38:05,24.1447,67.4497,73.36,75,26,9.17
129,Fairbanks,US,2021-03-14 22:36:10,64.8378,-147.7164,18.0,52,1,4.61
130,Isangel,VU,2021-03-14 22:38:05,-19.55,169.2667,82.4,83,75,5.64
131,Oranjemund,NA,2021-03-14 22:38:06,-28.55,16.4333,64.6,84,45,9.13
132,Eyl,SO,2021-03-14 22:38:07,7.9803,49.8164,76.23,82,100,14.29
133,Coihaique,CL,2021-03-14 22:38:07,-45.5752,-72.0662,75.2,38,0,4.18
134,Bethel,US,2021-03-14 22:38:07,41.3712,-73.414,33.01,55,66,1.99
135,Faanui,PF,2021-03-14 22:38:08,-16.4833,-151.75,83.07,73,99,13.27
136,Samana,DO,2021-03-14 22:38:08,19.2056,-69.3369,78.8,83,20,9.55
137,Axim,GH,2021-03-14 22:38:09,4.8699,-2.2405,78.69,81,100,1.48
138,Clyde River,CA,2021-03-14 22:36:41,70.4692,-68.5914,-9.4,84,1,23.02
139,Port Blair,IN,2021-03-14 22:37:42,11.6667,92.75,78.93,76,52,6.51
140,Charlestown,AU,2021-03-14 22:33:57,-32.95,151.6667,66.99,80,93,1.01
141,Santa Isabel Do Rio Negro,BR,2021-03-14 22:38:10,-0.4139,-65.0192,77.99,82,51,2.21
142,Pisco,PE,2021-03-14 22:36:47,-13.7,-76.2167,84.2,54,0,16.11
143,Tatarsk,RU,2021-03-14 22:34:01,55.219,75.9828,-4.04,100,70,7.02
144,San Javier,ES,2021-03-14 22:38:10,37.8063,-0.8374,55.99,82,0,1.14
145,Havre-Saint-Pierre,CA,2021-03-14 22:38:11,50.2334,-63.5986,12.2,40,40,10.36
146,Avarua,CK,2021-03-14 22:36:46,-21.2078,-159.775,84.2,74,19,11.5
147,San Quintin,MX,2021-03-14 22:38:12,30.4833,-115.95,58.44,67,2,18.95
148,Ponta Do Sol,PT,2021-03-14 22:38:12,32.6667,-17.1,57.0,65,100,1.99
149,Grindavik,IS,2021-03-14 22:38:13,63.8424,-22.4338,37.4,87,75,13.8
150,Tiksi,RU,2021-03-14 22:38:13,71.6872,128.8694,3.54,86,100,4.83
151,Sioux Lookout,CA,2021-03-14 22:38:14,50.1001,-91.917,30.2,27,20,2.3
152,Calella,ES,2021-03-14 22:38:14,41.618,2.6678,53.01,67,64,6.93
153,Pandan,PH,2021-03-14 22:38:15,14.0453,124.1694,77.54,89,100,5.79
154,Port-Gentil,GA,2021-03-14 22:38:15,-0.7193,8.7815,80.38,80,55,0.85
155,Vagay,RU,2021-03-14 22:38:16,57.9375,69.0217,7.83,96,76,6.53
156,Havelock,US,2021-03-14 22:38:16,34.8791,-76.9013,68.0,28,75,10.36
157,Dikson,RU,2021-03-14 22:36:40,73.5069,80.5464,-25.73,99,100,11.36
158,Opuwo,NA,2021-03-14 22:38:17,-18.0607,13.84,70.75,67,29,3.65
159,Saryozek,KZ,2021-03-14 22:38:18,44.3583,77.9753,20.95,93,100,3.4
160,Isla Vista,US,2021-03-14 22:38:18,34.4133,-119.861,57.99,58,40,9.22
161,Alihe,CN,2021-03-14 22:35:19,50.5667,123.7167,35.49,97,100,7.07
162,Provideniya,RU,2021-03-14 22:38:19,64.3833,-173.3,24.13,94,100,9.46
163,San Patricio,US,2021-03-14 22:38:20,28.017,-97.5169,64.4,68,90,13.8
164,Brae,GB,2021-03-14 22:38:20,60.3964,-1.353,42.8,81,90,18.41
165,Hauterive,FR,2021-03-14 22:38:18,46.0901,3.4459,44.6,53,0,8.05
166,Aripuana,BR,2021-03-14 22:38:21,-9.1667,-60.6333,74.52,96,76,1.92
167,Esperance,AU,2021-03-14 22:38:21,-33.8667,121.9,51.8,82,36,8.05
168,Salalah,OM,2021-03-14 22:37:34,17.0151,54.0924,73.4,56,0,4.61
169,Pevek,RU,2021-03-14 22:38:22,69.7008,170.3133,-5.96,96,100,15.7
170,Port Alfred,ZA,2021-03-14 22:38:22,-33.5906,26.891,69.01,96,95,8.99
171,Avera,US,2021-03-14 22:38:22,33.194,-82.5271,80.6,39,40,4.61
172,Springbok,ZA,2021-03-14 22:38:23,-29.6643,17.8865,58.01,86,58,4.97
173,Ventspils,LV,2021-03-14 22:38:24,57.3894,21.5606,35.6,100,90,8.05
174,Korla,CN,2021-03-14 22:38:24,41.7597,86.1469,51.42,36,98,11.12
175,Honningsvag,NO,2021-03-14 22:38:25,70.9821,25.9704,26.6,86,90,3.44
176,Asau,RO,2021-03-14 22:38:20,46.4333,26.4,43.0,54,100,3.13
177,Berberati,CF,2021-03-14 22:38:26,4.2612,15.7922,70.47,94,100,3.67
178,Pachino,IT,2021-03-14 22:38:26,36.7186,15.0907,46.99,81,20,2.3
179,Arlit,NE,2021-03-14 22:38:27,18.7369,7.3853,76.55,15,17,8.61
180,Pizarro,CO,2021-03-14 22:38:27,4.9533,-77.366,79.16,78,61,5.14
181,Puerto Del Rosario,ES,2021-03-14 22:38:27,28.5004,-13.8627,64.4,77,20,8.05
182,Tomatlan,MX,2021-03-14 22:38:28,19.9333,-105.25,86.56,34,0,7.9
183,Ahipara,NZ,2021-03-14 22:38:24,-35.1667,173.1667,72.88,63,3,2.98
184,Nyurba,RU,2021-03-14 22:38:29,63.2842,118.3319,-16.35,92,21,7.76
185,Hambantota,LK,2021-03-14 22:37:49,6.1241,81.1185,76.75,84,94,11.61
186,Nantucket,US,2021-03-14 22:34:27,41.2835,-70.0995,37.4,70,90,31.07
187,Namibe,AO,2021-03-14 22:38:30,-15.1961,12.1522,76.28,80,80,4.52
188,Narsaq,GL,2021-03-14 22:38:30,60.9167,-46.05,37.4,44,75,29.93
189,Coxim,BR,2021-03-14 22:38:27,-18.5067,-54.76,77.4,78,100,2.93
190,Methoni,GR,2021-03-14 22:38:31,36.8197,21.7049,55.0,87,50,2.3
191,Bassar,TG,2021-03-14 22:38:31,9.25,0.7833,84.2,78,75,4.59
192,Luderitz,NA,2021-03-14 22:38:32,-26.6481,15.1594,66.97,75,0,17.02
193,Chara,RU,2021-03-14 22:38:32,56.9064,118.2631,-7.01,72,81,7.36
194,Villa Sandino,NI,2021-03-14 22:38:33,12.0483,-84.9936,89.6,43,40,6.91
195,Waddan,LY,2021-03-14 22:38:17,29.1614,16.139,57.81,68,0,9.42
196,Kaitangata,NZ,2021-03-14 22:37:41,-46.2817,169.8464,63.0,62,100,1.01
197,Omvriaki,GR,2021-03-14 22:38:34,39.1,22.2667,46.99,100,0,5.57
198,Bud,US,2021-03-14 22:38:34,39.447,-86.1758,53.01,57,100,7.54
199,George Town,MY,2021-03-14 22:38:35,5.4112,100.3354,78.8,83,20,5.75
200,Madang,PG,2021-03-14 22:38:35,-5.2246,145.7966,81.66,77,100,3.87
201,Nikolskoye,RU,2021-03-14 22:38:36,59.7035,30.7861,36.0,93,90,6.71
202,Changli,CN,2021-03-14 22:38:36,39.7042,119.1506,47.98,80,100,3.31
203,Klaksvik,FO,2021-03-14 22:38:37,62.2266,-6.589,39.2,93,75,6.91
204,Vestmannaeyjar,IS,2021-03-14 22:38:37,63.4427,-20.2734,39.72,78,99,15.32
205,Naze,JP,2021-03-14 22:37:30,28.3667,129.4833,53.6,87,0,3.44
206,Shenjiamen,CN,2021-03-14 22:38:05,29.9576,122.298,55.18,85,3,18.1
207,Castro,BR,2021-03-14 22:38:38,-24.7911,-50.0119,65.68,83,4,1.52
208,Orlik,RU,2021-03-14 22:38:39,52.5178,99.825,-16.98,82,59,2.1
209,Kloulklubed,PW,2021-03-14 22:38:39,7.0419,134.2556,77.0,100,75,3.44
210,Saskylakh,RU,2021-03-14 22:38:40,71.9167,114.0833,-31.34,92,1,4.47
211,Cayenne,GF,2021-03-14 22:38:40,4.9333,-52.3333,75.99,94,75,2.3
212,Cascais,PT,2021-03-14 22:36:37,38.6979,-9.4215,55.99,83,78,14.76
213,Huai Thalaeng,TH,2021-03-14 22:38:41,14.997,102.6475,80.01,69,34,4.61
214,Yokadouma,CM,2021-03-14 22:38:42,3.5167,15.05,70.66,98,97,4.59
215,Madimba,TZ,2021-03-14 22:38:42,-10.4,40.3333,75.33,88,56,4.76
216,Fort Nelson,CA,2021-03-14 22:38:43,58.8053,-122.7002,1.4,66,90,3.44
217,Beloha,MG,2021-03-14 22:38:43,-25.1667,45.05,72.55,79,1,13.15
218,Hilo,US,2021-03-14 22:38:44,19.7297,-155.09,75.99,83,90,13.8
219,General Pico,AR,2021-03-14 22:38:40,-35.6566,-63.7568,81.46,37,64,7.4
220,Chapais,CA,2021-03-14 22:38:45,49.7834,-74.8492,-0.4,60,90,14.97
221,Torbay,CA,2021-03-14 22:38:45,47.6666,-52.7314,28.99,74,90,4.61
222,Waipawa,NZ,2021-03-14 22:38:46,-41.4122,175.5153,66.2,72,90,20.71
223,Mirabad,AF,2021-03-14 22:38:46,30.4362,61.8383,50.43,30,0,9.01
224,Constantine,DZ,2021-03-14 22:38:47,36.365,6.6147,48.2,93,75,13.8
225,Alofi,NU,2021-03-14 22:38:47,-19.0595,-169.9187,84.2,74,75,8.05
226,Havoysund,NO,2021-03-14 22:38:48,70.9963,24.6622,24.8,93,75,6.91
227,Saint George,US,2021-03-14 22:38:48,37.1041,-113.5841,64.0,35,1,16.11
228,East London,ZA,2021-03-14 22:38:49,-33.0153,27.9116,73.36,84,80,8.5
229,Liverpool,GB,2021-03-14 22:35:39,53.4106,-2.9779,50.0,87,75,20.71
230,Mitsamiouli,KM,2021-03-14 22:38:50,-11.3847,43.2844,81.97,73,100,4.07
231,Cherskiy,RU,2021-03-14 22:36:47,68.75,161.3,-12.5,92,100,8.41
232,Ferkessedougou,CI,2021-03-14 22:38:51,9.6,-5.2,83.62,17,49,4.18
233,Cabo San Lucas,MX,2021-03-14 22:38:51,22.8909,-109.9124,75.0,40,20,8.05
234,Sheopur,IN,2021-03-14 22:38:52,25.6667,76.7,71.85,32,2,6.26
235,Ende,ID,2021-03-14 22:38:52,-8.8432,121.6623,78.78,84,100,0.74
236,San Felipe,VE,2021-03-14 22:38:53,10.3399,-68.7425,72.39,92,97,6.44
237,Lebu,CL,2021-03-14 22:38:53,-37.6167,-73.65,58.75,84,0,4.29
238,Nanortalik,GL,2021-03-14 22:38:54,60.1432,-45.2371,30.51,82,100,9.91
239,Qaqortoq,GL,2021-03-14 22:38:55,60.7167,-46.0333,37.4,44,75,29.93
240,Bana,CM,2021-03-14 22:38:55,5.1481,10.2762,61.29,96,100,3.65
241,Comodoro Rivadavia,AR,2021-03-14 22:38:56,-45.8667,-67.5,62.6,72,0,23.02
242,Ukiah,US,2021-03-14 22:35:24,39.1502,-123.2078,48.2,81,90,13.8
243,Dudinka,RU,2021-03-14 22:38:56,69.4058,86.1778,-29.38,96,0,4.41
244,Urucara,BR,2021-03-14 22:38:57,-2.5364,-57.76,76.48,91,91,0.56
245,Mariakani,KE,2021-03-14 22:38:57,-3.8633,39.4736,80.6,83,20,3.44
246,Port Lincoln,AU,2021-03-14 22:38:58,-34.7333,135.8667,61.99,74,38,6.31
247,Vostok,RU,2021-03-14 22:38:58,46.4856,135.8833,31.55,73,0,3.27
248,Yulara,AU,2021-03-14 22:37:55,-25.2406,130.9889,60.8,39,3,9.22
249,Alcudia,ES,2021-03-14 22:38:59,39.8532,3.1214,50.0,74,98,1.01
250,Otradnoye,RU,2021-03-14 22:39:00,59.7775,30.8181,36.0,92,100,6.49
251,Marawi,PH,2021-03-14 22:39:00,7.9986,124.2928,73.0,88,10,5.99
252,Kahului,US,2021-03-14 22:37:48,20.8947,-156.47,75.99,64,20,13.8
253,Odweyne,SO,2021-03-14 22:39:01,9.4092,45.064,70.74,39,0,8.12
254,Vestmanna,FO,2021-03-14 22:39:02,62.1564,-7.1664,39.2,93,75,6.91
255,Niquelandia,BR,2021-03-14 22:39:02,-14.4739,-48.4597,71.64,88,45,2.06
256,Lavrentiya,RU,2021-03-14 22:39:03,65.5833,-171.0,23.0,92,100,14.29
257,Makhu,IN,2021-03-14 22:39:03,31.1033,74.9978,60.64,38,0,2.8
258,Waingapu,ID,2021-03-14 22:39:04,-9.6567,120.2641,79.38,81,92,1.95
259,Nishihara,JP,2021-03-14 22:39:04,26.1842,127.7558,64.4,72,20,4.61
260,Mount Isa,AU,2021-03-14 22:39:05,-20.7333,139.5,71.6,73,90,11.5
261,Chifeng,CN,2021-03-14 22:39:05,42.2683,118.9636,33.6,25,60,24.65
262,Coahuayana,MX,2021-03-14 22:39:06,18.7333,-103.6833,82.4,57,1,6.13
263,Jalu,LY,2021-03-14 22:39:06,29.0331,21.5482,57.4,56,0,9.04
264,Atasu,KZ,2021-03-14 22:39:07,48.6814,71.6433,1.06,89,100,6.91
265,Colomi,BO,2021-03-14 22:39:07,-17.35,-65.8667,62.6,72,75,13.8
266,Takab,IR,2021-03-14 22:39:08,36.4009,47.1133,35.64,68,100,1.72
267,Portel,BR,2021-03-14 22:34:10,-1.9356,-50.8211,76.26,90,79,3.89
268,Karlskoga,SE,2021-03-14 22:39:09,59.3267,14.5239,35.6,75,75,2.57
269,Bolshaya Rechka,RU,2021-03-14 22:39:09,51.9503,104.7355,6.8,72,0,2.62
270,Yerbogachen,RU,2021-03-14 22:39:10,61.2767,108.0108,-5.49,95,89,9.46
271,Richards Bay,ZA,2021-03-14 22:39:10,-28.783,32.0377,73.09,92,27,8.41
272,Xinyu,CN,2021-03-14 22:39:11,27.8043,114.9334,60.85,92,1,2.3
273,Santa Maria,BR,2021-03-14 22:36:46,-29.6842,-53.8069,78.8,61,0,2.3
274,Kavaratti,IN,2021-03-14 22:39:12,10.5669,72.642,82.47,68,9,4.34
275,Rio Gallegos,AR,2021-03-14 22:38:09,-51.6226,-69.2181,60.8,59,75,8.05
276,Dunedin,NZ,2021-03-14 22:36:59,-45.8742,170.5036,66.99,58,100,1.99
277,Manakara,MG,2021-03-14 22:39:13,-22.1333,48.0167,72.03,92,81,6.02
278,Hasaki,JP,2021-03-14 22:39:13,35.7333,140.8333,42.8,65,20,4.61
279,Kaitong,CN,2021-03-14 22:39:14,44.8135,123.15,40.73,48,100,30.22
280,Bambous Virieux,MU,2021-03-14 22:39:14,-20.3428,57.7575,77.0,94,75,10.45
281,Saint-Augustin,CA,2021-03-14 22:37:22,51.226,-58.6502,12.27,84,100,13.58
282,Tokur,RU,2021-03-14 22:39:15,53.1333,132.9,24.66,85,100,5.97
283,Tura,IN,2021-03-14 22:37:12,25.5198,90.2201,68.02,45,0,3.24
284,Phetchaburi,TH,2021-03-14 22:39:16,12.9667,99.5833,72.27,82,0,2.26
285,Tromso,NO,2021-03-14 22:39:16,69.6496,18.957,32.0,86,75,2.3
286,Geraldton,AU,2021-03-14 22:39:17,-28.7667,114.6,75.2,29,1,20.71
287,Gamboma,CG,2021-03-14 22:39:17,-1.8764,15.8644,74.19,87,69,3.6
288,Freeport,US,2021-03-14 22:39:18,40.6576,-73.5832,44.6,33,1,20.71
289,Ayna,PE,2021-03-14 22:39:18,-12.65,-73.9167,60.64,93,94,0.54
290,Saint-Joseph,RE,2021-03-14 22:39:19,-21.3667,55.6167,78.8,73,20,16.11
291,Makakilo City,US,2021-03-14 22:37:31,21.3469,-158.0858,77.0,69,1,9.22
292,Hithadhoo,MV,2021-03-14 22:39:20,-0.6,73.0833,84.09,64,97,7.23
293,Namatanai,PG,2021-03-14 22:37:19,-3.6667,152.4333,84.0,66,67,4.12
294,Padang,ID,2021-03-14 22:34:40,-0.9492,100.3543,73.4,100,75,2.3
295,Jiujiang,CN,2021-03-14 22:39:21,29.7333,115.9833,61.74,91,57,4.45
296,Kostomuksha,RU,2021-03-14 22:39:21,64.571,30.5767,22.03,97,75,2.77
297,Stykkisholmur,IS,2021-03-14 22:39:22,65.0757,-22.7297,31.77,73,73,7.43
298,Pilar Do Sul,BR,2021-03-14 22:35:14,-23.8131,-47.7164,68.94,90,4,5.17
299,Trelew,AR,2021-03-14 22:39:23,-43.249,-65.3051,65.66,58,82,19.44
300,Morant Bay,JM,2021-03-14 22:36:16,17.8815,-76.4093,82.4,69,40,17.27
301,Champerico,GT,2021-03-14 22:39:23,14.3,-91.9167,86.0,70,75,16.11
302,Lebedyn,UA,2021-03-14 22:39:24,50.5852,34.4849,37.0,85,100,13.98
303,Bako,ET,2021-03-14 22:39:24,5.7833,36.5667,70.7,52,15,6.51
304,Zhaoqing,CN,2021-03-14 22:39:25,23.0512,112.4597,72.0,99,37,2.48
305,Zdvinsk,RU,2021-03-14 22:39:26,54.7021,78.661,-7.82,99,68,7.18
306,Galveston,US,2021-03-14 22:35:35,29.3669,-94.9669,71.01,83,90,17.27
307,Williamsport,US,2021-03-14 22:38:01,41.2412,-77.0011,44.6,24,1,13.8
308,Batemans Bay,AU,2021-03-14 22:37:59,-35.7167,150.1833,57.99,71,0,4.0
309,Verkhnevilyuysk,RU,2021-03-14 22:39:27,63.4453,120.3167,-11.22,93,92,8.99
310,Veraval,IN,2021-03-14 22:39:28,20.9,70.3667,75.33,50,41,16.42
311,Yanam,IN,2021-03-14 22:39:28,16.7333,82.2167,68.61,94,4,1.95
312,Awjilah,LY,2021-03-14 22:39:29,29.1081,21.2869,57.38,58,0,8.59
313,Les Cayes,HT,2021-03-14 22:39:30,18.2,-73.75,76.24,78,50,0.38
314,Sept-Iles,CA,2021-03-14 22:34:58,50.2001,-66.3821,14.0,29,75,13.8
315,Yeppoon,AU,2021-03-14 22:39:30,-23.1333,150.7333,82.4,65,75,2.3
316,Whitehorse,CA,2021-03-14 22:39:31,60.7161,-135.0538,9.0,47,20,5.75
317,Sorong,ID,2021-03-14 22:39:32,-0.8833,131.25,79.92,81,100,4.7
318,Labytnangi,RU,2021-03-14 22:39:32,66.6572,66.4183,10.08,89,100,4.16
319,Songea,TZ,2021-03-14 22:39:32,-10.6833,35.65,62.78,96,82,2.06
320,Aranos,NA,2021-03-14 22:39:33,-24.1333,19.1167,69.75,67,98,5.82
321,Fortuna,US,2021-03-14 22:39:33,40.5982,-124.1573,44.01,92,100,7.0
322,Arman,RU,2021-03-14 22:39:34,59.7,150.1667,6.51,79,19,3.96
323,San Cristobal,VE,2021-03-14 22:37:53,7.7669,-72.225,80.6,65,75,4.61
324,Dicabisagan,PH,2021-03-14 22:39:35,17.0818,122.4157,76.08,88,92,5.84
325,Penha,BR,2021-03-14 22:35:22,-26.7694,-48.6458,80.6,83,75,8.05
326,Cockburn Town,TC,2021-03-14 22:39:36,21.4612,-71.1419,75.2,57,20,6.91
327,Tucuma,BR,2021-03-14 22:39:36,-0.1833,-50.05,77.27,88,73,6.8
328,Paamiut,GL,2021-03-14 22:39:36,61.994,-49.6678,28.2,78,91,7.52
329,Port Hardy,CA,2021-03-14 22:39:37,50.6996,-127.4199,41.0,60,40,16.11
330,Shiraz,IR,2021-03-14 22:39:38,29.6036,52.5388,48.2,29,0,4.61
331,Andenes,NO,2021-03-14 22:39:38,69.3143,16.1194,34.0,86,90,5.75
332,Port Hawkesbury,CA,2021-03-14 22:39:39,45.6169,-61.3485,19.99,86,90,9.22
333,Zonguldak,TR,2021-03-14 22:39:39,41.25,31.8333,43.72,75,15,3.58
334,Lorengau,PG,2021-03-14 22:39:40,-2.0226,147.2712,84.15,67,78,2.33
335,Estelle,US,2021-03-14 22:39:40,29.8458,-90.1067,78.01,83,75,13.8
336,Novoagansk,RU,2021-03-14 22:39:40,61.9449,76.6625,11.95,95,96,8.59
337,Marsaxlokk,MT,2021-03-14 22:39:41,35.8419,14.5431,57.0,82,20,19.57
338,Okhotsk,RU,2021-03-14 22:39:41,59.3833,143.3,6.85,73,99,2.86
339,Saint-Pierre,RE,2021-03-14 22:39:42,-21.3393,55.4781,78.8,73,20,16.11
340,Oktyabrskiy,RU,2021-03-14 22:39:42,54.4815,53.471,7.86,78,90,12.33
341,Aklavik,CA,2021-03-14 22:39:43,68.2191,-135.0107,-5.8,59,42,5.75
342,Shizunai,JP,2021-03-14 22:39:43,42.3339,142.3669,40.01,79,39,7.81
343,Bay Roberts,CA,2021-03-14 22:39:44,47.5999,-53.2648,28.0,89,100,5.41
344,Solok,ID,2021-03-14 22:39:44,-0.7918,100.6593,73.4,100,75,2.3
345,Yarmouth,US,2021-03-14 22:35:37,41.7057,-70.2286,36.0,60,75,12.66
346,Guerrero Negro,MX,2021-03-14 22:39:45,27.9769,-114.0611,64.35,50,0,18.72
347,Aswan,EG,2021-03-14 22:39:46,24.0934,32.907,69.24,35,29,8.79
348,Tateyama,JP,2021-03-14 22:39:46,34.9833,139.8667,48.0,35,29,4.0
349,Obo,CF,2021-03-14 22:39:47,5.3998,26.4869,70.72,78,100,5.77
350,Ugoofaaru,MV,2021-03-14 22:39:47,5.6667,73.0,82.44,77,100,11.92
351,Arica,CL,2021-03-14 22:39:48,-18.475,-70.3042,73.4,68,0,9.22
352,Paracatu,BR,2021-03-14 22:38:22,-17.2222,-46.8747,70.39,88,100,2.46
353,Treinta Y Tres,UY,2021-03-14 22:39:49,-33.2333,-54.3833,63.59,81,0,7.52
354,Aykhal,RU,2021-03-14 22:39:49,66.0,111.5,-22.9,99,61,15.3
355,Balkanabat,TM,2021-03-14 22:39:50,39.5108,54.3671,32.56,66,10,3.69
356,Muravlenko,RU,2021-03-14 22:35:15,63.7898,74.523,13.71,94,95,13.04
357,Abu Samrah,SY,2021-03-14 22:39:51,35.3029,37.1841,55.96,41,100,4.05
358,Eugene,US,2021-03-14 22:39:51,44.0521,-123.0867,48.2,76,90,11.5
359,Itacoatiara,BR,2021-03-14 22:39:52,-3.1431,-58.4442,76.03,94,94,1.34
360,Katsuura,JP,2021-03-14 22:39:52,35.1333,140.3,51.8,40,40,17.27
361,Liwale,TZ,2021-03-14 22:39:53,-9.7667,37.9333,68.09,98,95,2.06
362,Oksfjord,NO,2021-03-14 22:39:53,70.2396,22.3479,26.6,93,75,2.3
363,Meulaboh,ID,2021-03-14 22:39:07,4.1363,96.1285,75.99,86,76,4.85
364,Hakkari,TR,2021-03-14 22:39:32,37.5833,44.1667,27.16,80,99,1.81
365,Mwinilunga,ZM,2021-03-14 22:39:54,-11.7358,24.4293,61.36,94,100,1.43
366,College,US,2021-03-14 22:37:22,64.8569,-147.8028,18.0,48,20,3.44
367,Hutchinson,US,2021-03-14 22:36:53,38.0608,-97.9298,64.4,34,1,16.11
368,Puerto Escondido,MX,2021-03-14 22:39:55,15.85,-97.0667,84.2,70,40,5.75
369,Minab,IR,2021-03-14 22:39:56,27.1467,57.0801,64.4,72,0,4.61
370,Hovd,MN,2021-03-14 22:39:56,48.0056,91.6419,16.63,22,100,3.89
371,Dolgoderevenskoye,RU,2021-03-14 22:39:57,55.3444,61.3444,19.4,49,0,15.66
372,Taoudenni,ML,2021-03-14 22:39:57,22.6783,-3.9836,74.46,29,0,14.12
373,Byron Bay,AU,2021-03-14 22:39:58,-28.65,153.6167,66.2,100,90,12.66
374,Olinda,BR,2021-03-14 22:39:59,-8.0089,-34.8553,78.8,69,40,12.66
375,Kiunga,PG,2021-03-14 22:39:59,-6.1219,141.2906,79.34,86,60,1.03
376,Udachnyy,RU,2021-03-14 22:40:00,66.4167,112.4,-23.55,89,83,9.66
377,Nabire,ID,2021-03-14 22:40:00,-3.3667,135.4833,79.63,79,26,2.91
378,Tazmalt,DZ,2021-03-14 22:40:01,36.3868,4.3989,47.8,85,3,3.94
379,Torbat-E Jam,IR,2021-03-14 22:40:01,35.244,60.6225,36.7,54,100,1.19
380,Cortez,US,2021-03-14 22:40:02,37.3489,-108.5859,35.6,87,90,12.66
381,Kaeo,NZ,2021-03-14 22:40:02,-35.1,173.7833,75.0,71,22,5.01
382,Mayo,US,2021-03-14 22:36:45,38.8876,-76.5119,57.2,26,1,18.41
383,Motygino,RU,2021-03-14 22:40:03,58.1831,94.7592,-4.4,99,100,4.34
384,Pokhara,NP,2021-03-14 22:40:11,28.2333,83.9833,62.89,37,0,5.14
385,Berlevag,NO,2021-03-14 22:38:51,70.8578,29.0864,26.6,86,90,3.44
386,Najran,SA,2021-03-14 22:36:41,17.4924,44.1277,66.2,34,0,2.3
387,Shelburne,CA,2021-03-14 22:40:12,44.0787,-80.2041,26.01,62,0,18.68
388,Liku,ID,2021-03-14 22:40:12,-0.7275,119.8922,77.23,82,46,2.95
389,Tallahassee,US,2021-03-14 22:36:16,30.4383,-84.2807,80.6,39,40,8.05
390,Codrington,AU,2021-03-14 22:40:13,-38.2667,141.9667,59.27,82,99,9.1
391,Rosarito,MX,2021-03-14 22:40:13,32.3333,-117.0333,59.0,58,75,5.75
392,Laguna,US,2021-03-14 22:37:34,38.421,-121.4238,59.0,54,20,8.05
393,Vila Franca Do Campo,PT,2021-03-14 22:40:14,37.7167,-25.4333,60.8,100,75,11.5
394,Praia Da Vitoria,PT,2021-03-14 22:40:15,38.7333,-27.0667,62.6,82,20,8.08
395,Remanso,BR,2021-03-14 22:40:15,-9.6179,-42.0831,78.58,65,28,1.5
396,Wewak,PG,2021-03-14 22:39:10,-3.5534,143.6268,80.65,81,90,5.39
397,Benjamin Hill,MX,2021-03-14 22:40:16,30.1667,-111.1,72.0,15,0,5.01
398,Flinders,AU,2021-03-14 22:40:17,-34.5833,150.8552,63.0,67,0,3.0
399,Solwezi,ZM,2021-03-14 22:40:17,-12.1688,26.3894,60.03,99,86,2.71
400,Sitka,US,2021-03-14 22:36:41,57.0531,-135.33,32.0,43,1,8.05
401,Baiyin,CN,2021-03-14 22:40:18,36.5583,104.2081,46.99,32,0,6.71
402,Ilulissat,GL,2021-03-14 22:37:17,69.2167,-51.1,10.4,61,90,4.61
403,Boende,CD,2021-03-14 22:40:19,-0.2167,20.8667,72.01,96,84,2.44
404,Los Llanos De Aridane,ES,2021-03-14 22:36:11,28.6585,-17.9182,66.2,68,90,13.8
405,Presidencia Roque Saenz Pena,AR,2021-03-14 22:40:20,-26.7852,-60.4388,89.01,35,100,1.99
406,Smithers,CA,2021-03-14 22:38:20,54.7804,-127.1743,33.8,37,40,14.97
407,Huarmey,PE,2021-03-14 22:40:21,-10.0681,-78.1522,75.25,73,12,7.05
408,Vuktyl,RU,2021-03-14 22:40:21,63.8567,57.3094,17.47,94,100,10.63
409,Mackay,AU,2021-03-14 22:40:22,-21.15,149.2,82.99,88,14,5.75
410,Westport,US,2021-03-14 22:38:42,41.1415,-73.3579,41.0,42,75,19.57
411,Bambanglipuro,ID,2021-03-14 22:40:22,-7.95,110.2833,76.17,86,89,2.73
412,Bow Island,CA,2021-03-14 22:40:23,49.8668,-111.3684,62.6,29,0,19.57
413,Vancouver,CA,2021-03-14 22:40:01,49.2497,-123.1193,46.0,93,90,11.5
414,Sambava,MG,2021-03-14 22:38:34,-14.2667,50.1667,76.33,87,96,6.04
415,Skjervoy,NO,2021-03-14 22:40:24,70.0311,20.9714,35.01,85,100,7.9
416,Nerchinskiy Zavod,RU,2021-03-14 22:40:24,51.3088,119.61,16.57,90,100,22.01
417,Kyra,RU,2021-03-14 22:40:25,49.5776,111.9753,5.94,63,46,14.12
418,Vila Velha,BR,2021-03-14 22:40:25,-20.3297,-40.2925,80.6,69,75,5.75
419,Bolshaya Sosnova,RU,2021-03-14 22:40:26,57.6713,54.6029,15.66,93,100,14.9
420,Leningradskiy,RU,2021-03-14 22:39:30,69.3833,178.4167,2.35,94,100,14.2
421,Honiara,SB,2021-03-14 22:36:11,-9.4333,159.95,84.2,73,96,2.24
422,La Ronge,CA,2021-03-14 22:40:27,55.1001,-105.2842,50.0,40,31,13.8
423,Kristianstad,SE,2021-03-14 22:40:27,56.0313,14.1524,39.2,93,90,8.05
424,Jishou,CN,2021-03-14 22:40:28,28.3167,109.7167,63.07,96,90,0.2
425,Dawei,MM,2021-03-14 22:40:28,14.0833,98.2,74.16,82,3,2.17
426,Willowmore,ZA,2021-03-14 22:40:29,-33.2926,23.4895,64.35,86,100,11.81
427,Damaturu,NG,2021-03-14 22:40:29,11.747,11.9608,85.15,16,86,5.91
428,Santiago,CL,2021-03-14 22:36:14,-33.4569,-70.6483,77.0,41,0,6.91
429,Teacapan,MX,2021-03-14 22:40:30,22.55,-105.75,73.62,49,0,10.69
430,Mirnyy,RU,2021-03-14 22:40:31,62.5353,113.9611,-16.82,92,20,8.05
431,Hude,DE,2021-03-14 22:40:31,53.1167,8.4667,39.2,87,75,8.05
432,Chicama,PE,2021-03-14 22:40:32,-7.8447,-79.1469,73.4,83,0,6.91
433,Mandal,IN,2021-03-14 22:40:32,25.45,74.5667,69.51,29,25,7.61
434,Inirida,CO,2021-03-14 22:40:33,3.8653,-67.9239,79.2,81,21,3.6
435,Vondrozo,MG,2021-03-14 22:40:33,-22.8167,47.2833,66.2,95,47,1.99
436,Northam,GB,2021-03-14 22:40:34,51.0333,-4.2167,48.99,91,85,11.99
437,Gubkinskiy,RU,2021-03-14 22:40:34,64.434,76.5026,10.22,95,100,10.2
438,Crestview,US,2021-03-14 22:39:22,30.7621,-86.5705,75.2,57,1,11.5
439,Petauke,ZM,2021-03-14 22:40:35,-14.2426,31.3253,63.63,96,81,4.7
440,Hay River,CA,2021-03-14 22:37:20,60.8156,-115.7999,6.8,72,100,13.8
441,Bukachacha,RU,2021-03-14 22:40:36,52.9833,116.9167,9.36,61,100,17.63
442,Palafrugell,ES,2021-03-14 22:40:37,41.9174,3.1631,51.01,87,90,1.14
443,Kihei,US,2021-03-14 22:40:37,20.785,-156.4656,75.99,64,20,13.8
444,Jatai,BR,2021-03-14 22:40:38,-17.8814,-51.7144,70.57,85,91,1.01
445,Nibe,DK,2021-03-14 22:40:38,56.9815,9.6392,41.0,93,90,19.57
446,Mancio Lima,BR,2021-03-14 22:40:39,-7.6142,-72.8958,77.0,94,75,2.3
447,Hobyo,SO,2021-03-14 22:40:39,5.3505,48.5268,79.74,82,94,17.29
448,Caravelas,BR,2021-03-14 22:38:54,-17.7125,-39.2481,75.56,83,0,5.68
449,Surt,LY,2021-03-14 22:40:40,31.2089,16.5887,59.07,80,7,9.69
450,Kajiado,KE,2021-03-14 22:40:40,-1.8524,36.7768,64.4,63,40,6.91
451,Eureka,US,2021-03-14 22:40:41,40.8021,-124.1637,44.01,91,100,8.01
452,Boda,CF,2021-03-14 22:40:42,4.3189,17.4695,74.79,81,97,4.34
453,Road Town,VG,2021-03-14 22:36:12,18.4167,-64.6167,78.8,73,40,8.05
454,Acatlan,MX,2021-03-14 22:40:42,20.15,-98.45,73.42,39,22,11.27
455,Lompoc,US,2021-03-14 22:39:43,34.6391,-120.4579,55.99,58,1,11.5
456,Anadyr,RU,2021-03-14 22:37:22,64.75,177.4833,5.0,85,75,15.66
457,Paka,MY,2021-03-14 22:37:54,4.6374,103.4368,77.0,94,37,1.14
458,Khandyga,RU,2021-03-14 22:37:38,62.6667,135.6,8.26,88,100,3.78
459,Luwuk,ID,2021-03-14 22:40:44,-0.9516,122.7875,79.77,81,92,0.65
460,San Juan,AR,2021-03-14 22:38:36,-31.5375,-68.5364,81.27,44,44,12.06
461,Tezu,IN,2021-03-14 22:40:45,27.9167,96.1667,68.11,48,36,4.32
462,Guanica,PR,2021-03-14 22:40:46,17.9716,-66.908,79.0,22,100,5.99
463,Nikolayevsk-Na-Amure,RU,2021-03-14 22:40:46,53.1406,140.73,36.37,87,8,3.87
464,Taksimo,RU,2021-03-14 22:40:46,56.3444,114.8794,-5.26,81,35,4.25
465,Correntina,BR,2021-03-14 22:40:47,-13.3433,-44.6367,71.19,76,43,2.46
466,Poltavka,RU,2021-03-14 22:40:47,54.3663,71.7632,-2.78,97,1,9.42
467,Karatau,KZ,2021-03-14 22:40:48,43.1667,70.4667,22.21,78,92,2.48
468,Bengkulu,ID,2021-03-14 22:37:01,-3.8004,102.2655,76.98,85,100,4.45
469,Sattahip,TH,2021-03-14 22:40:49,12.6664,100.9007,78.8,89,20,8.5
470,Labuhan,ID,2021-03-14 22:36:15,-6.8844,112.2051,77.68,84,100,6.04
471,Brekstad,NO,2021-03-14 22:40:50,63.687,9.6654,36.0,87,75,4.61
472,Sucre,BO,2021-03-14 22:36:48,-19.0333,-65.2627,57.74,68,64,5.68
473,Basay,PH,2021-03-14 22:40:50,9.4087,122.64,80.1,85,45,7.54
474,Nouadhibou,MR,2021-03-14 22:37:32,20.931,-17.0347,66.2,72,0,12.66
475,Basco,PH,2021-03-14 22:40:51,20.4487,121.9702,74.62,75,73,17.85
476,Kaura Namoda,NG,2021-03-14 22:40:52,12.5898,6.5779,83.82,12,45,9.28
477,Dubuque,US,2021-03-14 22:40:52,42.4833,-90.8668,46.4,36,1,17.27
478,Puro,PH,2021-03-14 22:40:53,12.4841,123.3827,78.85,84,100,5.7
479,Lagunas,PE,2021-03-14 22:40:53,-5.2269,-75.6753,73.72,94,100,3.22
480,Juybar,IR,2021-03-14 22:40:53,36.6412,52.9124,33.8,100,0,4.61
481,Porto De Moz,BR,2021-03-14 22:40:54,-1.7483,-52.2383,75.02,94,31,3.49
482,Heinola,FI,2021-03-14 22:40:55,61.2056,26.0381,32.0,100,90,6.91
483,Jiayuguan,CN,2021-03-14 22:40:55,39.8167,98.3,34.12,37,0,12.86
484,Indianola,US,2021-03-14 22:40:56,41.3581,-93.5574,44.01,81,100,21.32
485,Kukuna,SL,2021-03-14 22:40:56,9.4,-12.6667,78.4,62,10,6.49
486,Bulembu,SZ,2021-03-14 22:40:57,-25.9667,31.1333,71.01,94,41,10.36
487,Kitimat,CA,2021-03-14 22:40:57,54.0524,-128.6534,41.0,62,40,1.99
488,Te Anau,NZ,2021-03-14 22:40:58,-45.4167,167.7167,54.97,95,100,6.76
489,Bama,NG,2021-03-14 22:40:58,11.5221,13.6856,79.36,18,77,3.56
490,Sabaudia,IT,2021-03-14 22:40:59,41.3003,13.0282,48.0,52,26,5.99
491,Jiaojiang,CN,2021-03-14 22:40:59,28.6803,121.4428,53.01,95,0,4.18
492,San Carlos De Bariloche,AR,2021-03-14 22:37:30,-41.1456,-71.3082,79.0,24,0,10.36
493,Komsomolskiy,UZ,2021-03-14 22:41:00,40.4272,71.7189,30.2,74,100,4.61
494,Kurchum,KZ,2021-03-14 22:41:01,48.5722,83.6542,9.3,95,100,2.55
495,Broken Hill,AU,2021-03-14 22:41:01,-31.95,141.4333,51.8,58,0,12.66
496,Nampa,US,2021-03-14 22:37:34,43.5407,-116.5635,66.2,20,1,11.65
497,Jieshi,CN,2021-03-14 22:41:02,22.8134,115.8257,68.0,75,31,12.19
498,Ayan,RU,2021-03-14 22:41:02,56.45,138.1667,21.15,93,100,10.09
499,Tilichiki,RU,2021-03-14 22:41:03,60.4667,166.1,-2.36,90,31,3.98
500,Pitimbu,BR,2021-03-14 22:41:03,-7.4706,-34.8086,78.8,83,20,9.22
501,Jinchang,CN,2021-03-14 22:41:04,38.4953,102.1739,37.27,42,0,7.81
502,Tiznit,MA,2021-03-14 22:41:04,29.5833,-9.5,66.16,35,71,2.37
503,Campos,BR,2021-03-14 22:41:05,-21.75,-41.3,73.54,89,12,7.36
504,Oyama,JP,2021-03-14 22:41:05,36.3,139.8,54.0,80,20,3.65
505,Bjornevatn,NO,2021-03-14 22:41:06,69.6672,29.9847,23.0,100,90,3.44
506,Beringovskiy,RU,2021-03-14 22:37:03,63.05,179.3167,11.89,86,98,9.19
507,Springfield,US,2021-03-14 22:36:37,37.2153,-93.2982,59.0,94,90,18.41
508,Zhigansk,RU,2021-03-14 22:41:07,66.7697,123.3711,-23.57,85,65,10.71
509,Florida Ridge,US,2021-03-14 22:41:07,27.5803,-80.3867,75.2,60,1,9.22
510,Palestine,PS,2021-03-14 22:41:08,31.9216,35.2033,57.0,88,0,4.61
511,Oro Valley,US,2021-03-14 22:39:23,32.3909,-110.9665,66.99,29,0,7.0
512,Fare,PF,2021-03-14 22:41:09,-16.7,-151.0167,83.12,74,86,10.8
513,Siruguppa,IN,2021-03-14 22:41:09,15.6333,76.9,67.64,51,0,6.33
514,Adre,TD,2021-03-14 22:41:10,13.4667,22.2,77.63,10,36,10.89
515,Nago,JP,2021-03-14 22:40:57,26.5881,127.9761,64.4,88,1,8.05
516,Phan Thiet,VN,2021-03-14 22:38:27,10.9333,108.1,69.21,83,44,3.02
517,Prince George,CA,2021-03-14 22:41:11,53.9166,-122.753,32.0,80,90,19.57
518,Vangaindrano,MG,2021-03-14 22:41:11,-23.35,47.6,73.47,87,21,4.36
519,High Rock,BS,2021-03-14 22:41:12,26.6208,-78.2833,75.2,64,20,5.75
520,Zyryanka,RU,2021-03-14 22:40:25,65.75,150.85,-12.82,87,0,8.32
521,Srednekolymsk,RU,2021-03-14 22:41:13,67.45,153.6833,-12.64,84,0,5.95
522,Manokwari,ID,2021-03-14 22:39:29,-0.8667,134.0833,80.04,72,72,2.59
523,Batasan,PH,2021-03-14 22:41:13,12.7667,120.7833,79.86,75,40,1.83
524,Alappuzha,IN,2021-03-14 22:41:14,9.49,76.3264,78.6,79,0,4.88
525,Kurilsk,RU,2021-03-14 22:41:14,45.2333,147.8833,33.93,96,100,14.09
526,Colares,PT,2021-03-14 22:41:15,38.7992,-9.4469,55.99,83,70,15.73
527,Shimanovsk,RU,2021-03-14 22:41:15,52.0,127.7,35.8,80,100,18.88
528,Neuquen,AR,2021-03-14 22:37:38,-38.9516,-68.0591,82.4,39,0,10.36
529,Hudson Bay,CA,2021-03-14 22:41:16,52.85,-102.3842,39.36,63,2,13.38
530,Iracoubo,GF,2021-03-14 22:41:17,5.4802,-53.2011,76.87,87,100,9.15
531,Pouebo,NC,2021-03-14 22:41:17,-20.4,164.5667,81.75,68,68,11.39
532,Ambovombe,MG,2021-03-14 22:41:18,-25.1667,46.0833,72.68,81,0,12.46
533,Danilovka,RU,2021-03-14 22:41:19,50.3557,44.1168,23.32,86,92,10.96
534,Lasa,IT,2021-03-14 22:41:19,46.6166,10.7002,44.6,36,0,5.75
535,Florence,IT,2021-03-14 22:37:20,43.7667,11.25,42.01,81,0,2.3
536,Toktogul,KG,2021-03-14 22:41:20,41.8708,72.9402,30.63,92,97,1.07
537,Turkistan,KZ,2021-03-14 22:41:21,43.0,68.0,21.6,80,54,7.49
538,Auki,SB,2021-03-14 22:41:21,-8.7676,160.7034,84.67,67,98,2.08
539,Matai,TZ,2021-03-14 22:41:21,-8.3,31.5167,57.2,88,0,2.84
540,Bacolod,PH,2021-03-14 22:41:22,10.6667,122.95,79.23,81,67,2.37
541,Kralendijk,BQ,2021-03-14 22:41:23,12.15,-68.2667,82.4,69,40,16.11
542,Jalna,IN,2021-03-14 22:41:23,19.8333,75.8833,73.2,23,0,5.41
543,Sabha,LY,2021-03-14 22:41:24,27.0377,14.4283,62.44,45,0,18.1
544,Ambon,ID,2021-03-14 22:41:24,-3.6954,128.1814,77.0,94,40,4.61
545,Gorokhovets,RU,2021-03-14 22:41:25,56.1947,42.7003,33.8,100,90,11.18
546,Sorland,NO,2021-03-14 22:41:25,67.667,12.6934,35.6,87,20,9.22
547,Annonay,FR,2021-03-14 22:41:26,45.2397,4.6708,44.6,53,0,5.75
548,Adamovka,RU,2021-03-14 22:41:27,51.5223,59.9396,-0.17,91,94,4.16
549,Pangnirtung,CA,2021-03-14 22:41:27,66.1451,-65.7125,-16.83,92,23,1.39
550,Grand-Lahou,CI,2021-03-14 22:41:28,5.1367,-5.0242,80.17,85,100,8.5
551,Amazar,RU,2021-03-14 22:38:34,53.858,120.875,15.82,78,100,20.33
552,Port-Cartier,CA,2021-03-14 22:41:28,50.0334,-66.8654,14.0,29,75,13.8
553,Rosetta,EG,2021-03-14 22:41:29,31.4044,30.4164,59.0,82,40,6.91
554,Mercedes,AR,2021-03-14 22:41:29,-34.6515,-59.4307,78.01,70,14,10.56
555,Sorokino,RU,2021-03-14 22:41:30,53.75,84.9167,2.05,94,100,4.7
556,Sinnamary,GF,2021-03-14 22:41:30,5.3833,-52.95,76.86,87,100,9.55
557,Kichera,RU,2021-03-14 22:41:31,55.9375,110.0997,-4.54,80,50,3.44
558,Kidal,ML,2021-03-14 22:40:27,18.4411,1.4078,72.7,23,0,7.36
559,Panguipulli,CL,2021-03-14 22:41:31,-39.6333,-72.3333,71.6,56,39,8.05
560,Belmonte,BR,2021-03-14 22:41:32,-15.8631,-38.8828,78.8,69,20,8.05
561,Preobrazheniye,RU,2021-03-14 22:41:32,42.9019,133.9064,39.83,58,0,3.24
562,Skagen,DK,2021-03-14 22:41:33,57.7209,10.5839,41.0,91,54,15.99
563,Maceio,BR,2021-03-14 22:41:34,-9.6658,-35.7353,78.8,69,0,10.36
564,Kosovo Polje,XK,2021-03-14 22:41:34,42.6394,21.0961,46.0,76,75,5.75
565,Haimen,CN,2021-03-14 22:41:34,23.1935,116.6142,60.8,88,75,4.47
566,Sirsa,IN,2021-03-14 22:41:35,29.5333,75.0167,65.77,33,0,2.01
567,Gat,IL,2021-03-14 22:41:35,31.61,34.7642,57.0,100,100,3.0
568,Maralal,KE,2021-03-14 22:41:36,1.0968,36.698,61.3,69,0,9.75
569,Jacareacanga,BR,2021-03-14 22:41:37,-6.2222,-57.7528,74.84,96,75,1.36
570,Yambio,SS,2021-03-14 22:41:37,4.5721,28.3955,70.38,79,98,5.64
571,Timra,SE,2021-03-14 22:41:37,62.487,17.3257,33.01,100,90,1.14
572,Atar,MR,2021-03-14 22:41:38,20.5169,-13.0499,75.07,22,0,9.01
573,Sao Joao Da Barra,BR,2021-03-14 22:41:38,-21.6403,-41.0511,76.71,85,32,12.17
574,Ocean City,US,2021-03-14 22:39:58,39.2776,-74.5746,57.2,17,20,25.32
575,Altay,CN,2021-03-14 22:39:23,47.8667,88.1167,20.08,80,100,1.19
576,Kalmunai,LK,2021-03-14 22:41:07,7.4167,81.8167,76.66,81,72,2.59
577,Seoul,KR,2021-03-14 22:39:35,37.5683,126.9778,39.2,93,90,1.14
578,Kuytun,RU,2021-03-14 22:40:54,54.3419,101.5036,-4.43,95,9,3.91
579,Henties Bay,NA,2021-03-14 22:40:11,-22.116,14.2845,63.0,94,0,1.99
580,Khonsa,IN,2021-03-14 22:41:40,27.0167,95.5667,59.99,73,78,2.86
581,Acajutla,SV,2021-03-14 22:39:02,13.5928,-89.8275,91.4,31,20,8.05
582,Erenhot,CN,2021-03-14 22:37:25,43.6475,111.9767,19.02,21,0,20.24
583,Idanre,NG,2021-03-14 22:41:41,7.1127,5.1159,74.89,86,100,4.9
584,Thinadhoo,MV,2021-03-14 22:41:01,0.5333,72.9333,83.48,69,96,4.56
585,Oistins,BB,2021-03-14 22:41:42,13.0667,-59.5333,78.8,73,40,11.5
